n,n_boosted,n_12pfizer,prop_12pfizer,n_12az,prop_12az,n_12moderna,prop_12moderna,n_3pfizer,prop_3pfizer,n_3moderna,prop_3moderna,age_median,age_Q1,age_Q3,female,fu_years,fu_median,priorinfection,timesinceseconddose
10912312,5466224,3909369,0.35825304481763354,7002943,0.6417469551823665,0,0,4752812,0.8694872365274456,713412,0.13051276347255436,57,45,69,0.5240972765441457,2708194.792607803,91,0.08023826664780112,124.483960777514
