criteria,n,n_exclude,pct_exclude,pct_all,pct_step,crit
Aged 18+ with 2nd dose on or before 31 Aug 2021,13092107,NA,NA,1,NA,c0
  with no missing demographic information,11882052,1210055,0.09242629929620955,0.9075737007037905,0.9075737007037905,c1
  with homologous primary vaccination course of pfizer or AZ,11734363,147689,0.012429587078056888,0.8962929343611383,0.9875704129219431,c2
  and not a HSC worker,11256962,477401,0.0406840149737996,0.8598281391986791,0.9593159850262004,c3
"  and not a care/nursing home resident, end-of-life or housebound",10912312,344650,0.030616608637392576,0.8335031175654155,0.9693833913626074,c4
  and vaccinated within the study period,5466224,5446088,0.4990773724211698,0.4175205717460146,0.5009226275788302,c5
